Date,Close,Open,High,Low,Volume,Change_pct
30.12.2024,191.45,190.55,194.1,188.75,196230,0.47%
27.12.2024,190.55,187.3,191.15,184,238570,1.74%
23.12.2024,187.3,187.3,189.35,186.15,169890,0.00%
20.12.2024,187.3,188,188.7,182.85,805200,-0.74%
19.12.2024,188.7,190,192.9,187.8,299690,-1.67%
18.12.2024,191.9,189.45,195.5,189.45,500530,1.29%
17.12.2024,189.45,189,192.9,186.7,353140,0.08%
16.12.2024,189.3,184.5,190,184.05,250390,3.10%
13.12.2024,183.6,200,202,178.25,1090000,-3.87%
12.12.2024,191,195.65,196.6,183.55,624000,-2.35%
11.12.2024,195.6,194,195.95,192,352980,0.82%
10.12.2024,194,194.1,196.7,188.1,451480,-0.15%
9.12.2024,194.3,199.85,202,191.1,545510,-2.78%
6.12.2024,199.85,193,200,191.8,853410,3.55%
5.12.2024,193,180.25,193,180.25,641580,7.28%
4.12.2024,179.9,179.45,183.3,177.3,599690,0.25%
3.12.2024,179.45,170.2,179.45,170,584970,5.43%
2.12.2024,170.2,168.75,170.5,167.45,197780,1.79%
29.11.2024,167.2,164.8,168.45,164.7,263150,1.46%
28.11.2024,164.8,165.95,168.4,163.55,244590,0.12%
27.11.2024,164.6,172.2,173,158,801470,-4.41%
26.11.2024,172.2,166.25,172.35,165,404810,4.02%
25.11.2024,165.55,161.4,166.15,161.4,605190,2.92%
22.11.2024,160.85,160.75,161.85,157,327120,0.53%
21.11.2024,160,159.15,160.8,157.05,260380,1.27%
20.11.2024,158,153.1,159.15,153,254540,2.86%
19.11.2024,153.6,157.25,157.65,150.3,243570,-1.70%
18.11.2024,156.25,155.7,159.25,155.2,184640,0.26%
15.11.2024,155.85,161.9,162,155.85,248280,-3.71%
14.11.2024,161.85,158.75,161.85,158.2,193780,2.11%
13.11.2024,158.5,161.4,161.4,156.7,298740,-1.80%
12.11.2024,161.4,161,162.3,159.55,173540,0.25%
8.11.2024,161,163,164.6,160.5,197930,-1.23%
7.11.2024,163,160,163,159.9,180620,2.10%
6.11.2024,159.65,160.7,161.95,158.85,229350,-1.11%
5.11.2024,161.45,161.8,163.2,159.3,202230,0.53%
4.11.2024,160.6,161,161.8,157.6,331130,-0.09%
31.10.2024,160.75,159,161.2,156.55,314540,-0.12%
30.10.2024,160.95,162.8,163.65,159.35,197300,-1.14%
29.10.2024,162.8,160.5,162.8,159.7,199780,1.12%
28.10.2024,161,159.1,161.4,158.9,150810,1.45%
25.10.2024,158.7,159.35,160,157.45,199290,-0.38%
24.10.2024,159.3,159.9,161,158.05,201920,-1.12%
23.10.2024,161.1,158.65,161.1,158.05,255000,1.58%
22.10.2024,158.6,156.05,160,155.85,392410,1.41%
21.10.2024,156.4,160.45,161.35,155.3,237580,-2.52%
18.10.2024,160.45,157.6,160.6,152,332890,0.60%
17.10.2024,159.5,164.9,164.9,157.65,220490,-3.30%
16.10.2024,164.95,164.6,164.95,160.95,216380,-0.03%
15.10.2024,165,160.75,165.45,160.45,309320,2.64%
14.10.2024,160.75,162.15,164,159.6,283860,-0.25%
11.10.2024,161.15,168.55,169.7,156.75,803220,-4.39%
10.10.2024,168.55,171.1,172.15,168,245710,-1.78%
9.10.2024,171.6,170.3,173.35,168.9,268500,0.44%
8.10.2024,170.85,167.5,170.85,167.2,250900,1.24%
7.10.2024,168.75,171.8,173.35,167.95,184460,-1.03%
4.10.2024,170.5,168,172,168,402930,1.61%
3.10.2024,167.8,167.75,171.85,164.5,268260,-1.12%
2.10.2024,169.7,171.7,173,169.05,252350,-1.11%
1.10.2024,171.6,174.3,175.35,171.5,261610,-1.46%
30.9.2024,174.15,173.15,177.3,173.15,341530,-0.06%
27.9.2024,174.25,170,175,169.5,161870,1.40%
26.9.2024,171.85,172.6,175.75,171,295870,-0.15%
25.9.2024,172.1,171.5,172.3,169,296240,0.32%
24.9.2024,171.55,168,171.95,166.25,288600,2.36%
23.9.2024,167.6,175.7,175.7,165.25,528470,-4.61%
20.9.2024,175.7,176.2,177.8,173.55,897200,-1.18%
19.9.2024,177.8,176.45,180.1,175.45,287100,0.82%
18.9.2024,176.35,177,177.8,172.5,216790,-0.03%
17.9.2024,176.4,173.75,177,173.4,232810,2.02%
16.9.2024,172.9,170,174.25,169.75,248020,1.71%
13.9.2024,170,169,170.95,168.2,339280,1.34%
12.9.2024,167.75,167.95,171,165.9,349980,1.85%
11.9.2024,164.7,162,167.25,161.8,262770,1.54%
10.9.2024,162.2,165.8,166.35,160.5,655920,-2.41%
9.9.2024,166.2,168,169.55,164.15,589590,-2.66%
6.9.2024,170.75,173.1,175.2,167.2,339260,-2.23%
5.9.2024,174.65,177,178.4,174.1,181000,-1.52%
4.9.2024,177.35,175,177.5,172.75,286690,0.57%
3.9.2024,176.35,181.2,182.95,175.5,330570,-2.78%
2.9.2024,181.4,183.1,183.2,179.15,233330,-0.93%
30.8.2024,183.1,180,185.5,177.6,527820,1.10%
29.8.2024,181.1,180,182.2,172,493350,0.61%
28.8.2024,180,179.35,180.5,177.3,274030,0.33%
27.8.2024,179.4,179.4,180.95,177.65,258010,-0.44%
26.8.2024,180.2,181.45,182.8,178.2,149190,-0.69%
23.8.2024,181.45,185,186.6,181.2,270650,-1.92%
22.8.2024,185,180,187,179.4,405830,3.01%
21.8.2024,179.6,175.3,180.3,175,243300,2.45%
20.8.2024,175.3,179.85,180.1,170,392560,-2.53%
19.8.2024,179.85,178.9,181.1,178.15,328560,0.00%
16.8.2024,179.85,175,181.6,174,599640,3.18%
14.8.2024,174.3,171.5,175.45,171.5,677830,1.46%
13.8.2024,171.8,170.5,172.8,168,451900,0.79%
12.8.2024,170.45,164,170.5,163.05,548720,3.90%
9.8.2024,164.05,163.7,165.6,161.75,490670,0.21%
8.8.2024,163.7,156,163.8,154.25,746880,4.40%
7.8.2024,156.8,151,157.2,150.5,431600,4.22%
6.8.2024,150.45,151.8,153.2,148.9,810640,-0.66%
5.8.2024,151.45,149.95,153.35,145,1100000,-3.78%
2.8.2024,157.4,157.9,158.8,155.55,336900,-1.69%
1.8.2024,160.1,157.45,161.75,154.75,332120,0.66%
31.7.2024,159.05,157.3,159.2,156.6,237820,2.25%
30.7.2024,155.55,158.5,160.4,155.55,319130,-1.98%
29.7.2024,158.7,156.4,159.05,155.75,299420,2.09%
26.7.2024,155.45,157.25,158.95,155.1,151590,-1.14%
25.7.2024,157.25,152.4,159,150.6,337440,0.67%
24.7.2024,156.2,156.5,159.05,155.2,247530,-0.70%
23.7.2024,157.3,157.5,159.05,155.5,215290,-0.13%
22.7.2024,157.5,157.5,159,150.55,305770,0.00%
19.7.2024,157.5,160,161.2,157.15,355430,-2.66%
18.7.2024,161.8,161,163,158.1,294920,1.25%
17.7.2024,159.8,160,164.5,158.3,550080,-0.44%
16.7.2024,160.5,163.5,163.7,157.55,577200,-2.01%
15.7.2024,163.8,158.25,164,156.6,582920,3.31%
12.7.2024,158.55,150.15,159.15,149.25,773130,5.70%
11.7.2024,150,147.8,150.6,147.65,291450,1.59%
10.7.2024,147.65,147.4,149.95,146.35,418630,0.17%
9.7.2024,147.4,146.2,148.1,145.5,296140,0.75%
8.7.2024,146.3,144.7,146.9,143.5,219660,0.90%
5.7.2024,145,142,145.6,142,352760,2.11%
4.7.2024,142,143,143.25,140.35,139970,-0.53%
3.7.2024,142.75,140,142.8,139.25,235770,2.81%
2.7.2024,138.85,139,140.4,137,213920,0.40%
1.7.2024,138.3,139.85,140,137.1,219250,-0.47%
28.6.2024,138.95,138.5,139.55,137.25,284590,0.32%
27.6.2024,138.5,141.4,141.7,136.6,438880,-2.05%
26.6.2024,141.4,143.85,144.95,141.2,288940,-1.67%
25.6.2024,143.8,143,145.4,140.9,370860,0.45%
24.6.2024,143.15,136,143.5,136,535200,5.30%
21.6.2024,135.95,136.75,138.65,135.7,646750,-0.91%
20.6.2024,137.2,137.6,138.4,135.4,292180,-0.72%
19.6.2024,138.2,136,138.55,135.8,274190,1.47%
18.6.2024,136.2,136.25,137.95,135.5,430330,0.11%
17.6.2024,136.05,133.8,137.45,133.8,313800,1.68%
14.6.2024,133.8,131.5,134.6,130.8,326460,0.64%
13.6.2024,132.95,134.05,135.8,132,243230,-1.52%
12.6.2024,135,134.5,136.15,131.05,378970,0.41%
11.6.2024,134.45,135,137.55,133.25,386670,0.34%
10.6.2024,134,134.95,135.25,132.4,231880,-0.63%
7.6.2024,134.85,132.5,137.7,131.95,374300,1.77%
6.6.2024,132.5,134.5,135,132.5,225200,-0.53%
5.6.2024,133.2,132.5,133.55,131.55,321200,0.60%
4.6.2024,132.4,133.5,135.2,132.05,458700,-1.38%
3.6.2024,134.25,131.5,135.7,131,523310,3.03%
31.5.2024,130.3,130.4,132.25,126.5,926450,0.00%
29.5.2024,130.3,142,143,129.5,1270000,-6.39%
28.5.2024,139.2,139.8,141.5,138.8,431780,-0.39%
27.5.2024,139.75,139.4,141.4,138.5,202270,0.25%
24.5.2024,139.4,141.1,141.9,137.25,375090,-1.93%
23.5.2024,142.15,145,145,140.7,444040,-1.97%
22.5.2024,145,142.65,148.95,141.5,620700,1.75%
21.5.2024,142.5,142.7,144,141.75,378600,-0.11%
20.5.2024,142.65,141,143.3,140.35,281550,1.10%
17.5.2024,141.1,142.2,142.65,140.6,214080,-1.26%
16.5.2024,142.9,140,144.35,139.9,482210,2.33%
15.5.2024,139.65,142.25,143,136.4,585310,-2.38%
14.5.2024,143.05,142,144.9,139,867010,1.56%
13.5.2024,140.85,131,142.2,131,946280,6.91%
10.5.2024,131.75,133,133.75,130.55,311160,0.19%
9.5.2024,131.5,132.6,134.3,130.3,248700,-0.23%
8.5.2024,131.8,128,134.85,127.6,901840,2.57%
7.5.2024,128.5,124.2,129.65,124.1,654080,3.55%
6.5.2024,124.1,120,126.4,119.65,695890,3.81%
2.5.2024,119.55,118.5,123.6,117.05,528880,0.89%
30.4.2024,118.5,118.2,119.65,117.75,244950,0.55%
29.4.2024,117.85,116,118.4,116,222910,1.46%
26.4.2024,116.15,115.6,116.8,114.9,176840,1.35%
25.4.2024,114.6,115.9,116.95,114.05,201050,-1.33%
24.4.2024,116.15,116,118.2,115.65,276870,0.35%
23.4.2024,115.75,116.3,117.75,115.05,364390,-0.43%
22.4.2024,116.25,113.25,116.35,113.25,285600,2.69%
19.4.2024,113.2,112,113.8,111.6,195120,0.44%
18.4.2024,112.7,113,113.8,111.15,338970,0.22%
17.4.2024,112.45,111.75,113.15,111.05,326580,0.81%
16.4.2024,111.55,115,115.3,111.4,445100,-3.42%
15.4.2024,115.5,117.3,119.45,115.5,317370,-2.53%
12.4.2024,118.5,119.8,120,118.15,235660,-0.17%
11.4.2024,118.7,115.25,121,115.25,539570,3.22%
10.4.2024,115,117.6,118.7,114.2,306000,-1.79%
9.4.2024,117.1,117.5,119.8,116.7,373870,0.09%
8.4.2024,117,116.7,117,115.7,193070,0.82%
5.4.2024,116.05,115.5,117.2,114.4,372070,-0.73%
4.4.2024,116.9,114.2,117.35,114.2,354940,2.54%
3.4.2024,114,116,116.5,113.5,436710,-1.43%
2.4.2024,115.65,118.9,124.1,115.65,1690000,-1.07%
28.3.2024,116.9,115.7,117,114.6,558610,1.30%
27.3.2024,115.4,113.4,115.9,112.85,315280,2.12%
26.3.2024,113,114.8,115.25,112.4,522710,-1.99%
25.3.2024,115.3,114.9,116.25,113.85,243560,0.35%
22.3.2024,114.9,114,116.6,113.25,273890,0.52%
21.3.2024,114.3,115,115.15,112.15,308210,1.24%
20.3.2024,112.9,111.5,113.5,110.7,234730,1.62%
19.3.2024,111.1,112.5,113.2,109.45,282810,-1.24%
18.3.2024,112.5,116.9,117.9,111.15,557820,-3.14%
15.3.2024,116.15,118,118.95,113.85,963580,-1.44%
14.3.2024,117.85,116.5,119.1,116.1,458570,1.16%
13.3.2024,116.5,117.75,118.15,115.6,340740,-0.98%
12.3.2024,117.65,117.2,119.65,115.4,863120,0.47%
11.3.2024,117.1,112.1,117.85,111.5,921370,5.78%
8.3.2024,110.7,108.5,111.1,105.6,425120,2.74%
7.3.2024,107.75,106.95,109.9,105.55,268900,0.70%
6.3.2024,107,105.7,107.35,105.5,151200,1.52%
5.3.2024,105.4,105.95,107,104.25,173830,-0.47%
4.3.2024,105.9,110.35,111.15,105.9,329820,-4.03%
1.3.2024,110.35,110,111.65,109.1,147170,0.59%
29.2.2024,109.7,110.9,112.1,109.55,363040,-1.26%
28.2.2024,111.1,115.3,115.3,110.9,278650,-3.64%
27.2.2024,115.3,113.9,115.75,113.1,211440,1.23%
26.2.2024,113.9,114.8,115,112.65,160780,-0.83%
23.2.2024,114.85,115.45,116.25,114.1,222240,-0.52%
22.2.2024,115.45,114.2,115.55,114.2,264750,1.72%
21.2.2024,113.5,115,116.35,113.4,494350,-1.09%
20.2.2024,114.75,113.5,114.85,110.65,468420,0.57%
19.2.2024,114.1,113.3,115.3,112.5,329350,-0.35%
16.2.2024,114.5,113.75,115,112.8,334890,0.66%
15.2.2024,113.75,110.3,115.05,109,524820,3.13%
14.2.2024,110.3,109.25,110.8,108.95,203120,0.91%
13.2.2024,109.3,113.2,113.3,108.75,320700,-3.57%
12.2.2024,113.35,111.1,114.3,111,304140,1.93%
9.2.2024,111.2,109,111.45,109,212740,1.09%
8.2.2024,110,109,111.15,108,493500,1.57%
7.2.2024,108.3,108.35,109.35,107.35,278600,-0.05%
6.2.2024,108.35,109.45,109.45,107.1,240260,-0.55%
5.2.2024,108.95,104.45,109.7,104.45,491630,4.56%
2.2.2024,104.2,105.05,106.55,103.7,225100,-0.57%
1.2.2024,104.8,103.65,105.6,103.65,202700,0.05%
31.1.2024,104.75,103.95,105.2,102.55,274880,0.92%
30.1.2024,103.8,105,106.05,103.7,316220,-1.14%
29.1.2024,105,105.35,105.65,103.75,185960,-0.14%
26.1.2024,105.15,106.35,106.6,103.65,232330,-1.13%
25.1.2024,106.35,105.5,107,102.65,478910,0.81%
24.1.2024,105.5,104.2,105.65,104.05,304590,1.69%
23.1.2024,103.75,103.8,108.6,100.8,466630,2.17%
22.1.2024,101.55,100.05,101.55,99.64,248630,2.37%
19.1.2024,99.2,100.5,101.45,97.76,506060,-0.70%
18.1.2024,99.9,100.8,102,97.1,594220,-0.10%
17.1.2024,100,104.9,105.1,100,651060,-4.76%
16.1.2024,105,106.6,106.95,104.85,315850,-1.55%
15.1.2024,106.65,107.95,108,105.5,259070,-1.25%
12.1.2024,108,108,109.85,107.15,230380,0.37%
11.1.2024,107.6,111.2,111.8,107.6,385540,-3.24%
10.1.2024,111.2,111.35,113.15,110.45,199370,-0.22%
9.1.2024,111.45,110.25,111.5,109.65,225120,1.09%
8.1.2024,110.25,110.8,111,109.25,133250,-0.77%
5.1.2024,111.1,112.05,112.05,107.65,509910,-1.02%
4.1.2024,112.25,111.65,112.5,110,211880,0.54%
3.1.2024,111.65,111.85,112,108.4,390530,-0.22%
2.1.2024,111.9,115.05,115.85,109.95,399400,-2.70%
29.12.2023,115,115.7,116.4,114.9,164250,-0.61%
28.12.2023,115.7,115.75,117.55,115.2,268860,0.61%
27.12.2023,115,116.5,116.9,114.6,357760,-1.29%
22.12.2023,116.5,116,116.8,114.7,303530,0.43%
21.12.2023,116,115.25,117.1,114.4,320410,0.00%
20.12.2023,116,117,118.75,116,260050,-0.43%
19.12.2023,116.5,115.3,118.8,114.5,424430,1.04%
18.12.2023,115.3,114.4,115.35,112.3,450390,0.79%
15.12.2023,114.4,114.1,115.45,113.05,755120,0.35%
14.12.2023,114,113.95,114.8,113.1,281550,1.02%
13.12.2023,112.85,113.3,113.7,112.4,230770,-0.40%
12.12.2023,113.3,114.35,114.6,112.35,173020,-0.48%
11.12.2023,113.85,112.15,114.75,111.65,415340,1.52%
8.12.2023,112.15,108.25,112.2,108.25,381750,3.60%
7.12.2023,108.25,108.5,109.5,107.65,261480,-0.23%
6.12.2023,108.5,107.85,109.9,107.75,238780,0.70%
5.12.2023,107.75,106.75,109.1,106.4,486950,0.98%
4.12.2023,106.7,110.45,111,106.05,668540,-3.87%
1.12.2023,111,107.3,111.45,106.65,414060,1.98%
30.11.2023,108.85,105,110,104.85,693060,4.46%
29.11.2023,104.2,115,115.65,104.15,1150000,-3.47%
28.11.2023,107.95,109.45,109.6,106.85,384130,-1.51%
27.11.2023,109.6,112.4,114.15,109.6,199040,-2.10%
24.11.2023,111.95,110.5,112.4,109.45,132680,1.40%
23.11.2023,110.4,113.85,114,110.4,221120,-3.03%
22.11.2023,113.85,113,114.95,111.6,211040,0.57%
21.11.2023,113.2,114.65,115.7,113.15,186650,-0.57%
20.11.2023,113.85,113.85,117.95,113.5,342440,0.62%
17.11.2023,113.15,112.6,113.65,112,164060,0.49%
16.11.2023,112.6,114.2,114.95,111.5,309440,-1.23%
15.11.2023,114,114.3,116.45,111.6,424390,-0.09%
14.11.2023,114.1,107.05,114.35,103.3,555080,5.94%
13.11.2023,107.7,109.5,110.1,107.4,194100,-1.37%
10.11.2023,109.2,110,110,108.2,204040,-0.73%
9.11.2023,110,108.25,111,106.8,190800,1.62%
8.11.2023,108.25,109,110.5,107.6,125940,-1.14%
7.11.2023,109.5,109.5,110,106.8,210180,-0.09%
6.11.2023,109.6,110.9,111.85,108.8,243420,-0.36%
3.11.2023,110,109,110.6,106.95,339610,1.52%
2.11.2023,108.35,106.5,108.35,105.3,494550,3.19%
31.10.2023,105,105.5,106.7,105,214820,0.00%
30.10.2023,105,107.4,108.9,105,226760,-1.59%
27.10.2023,106.7,106.6,109,106.2,255270,0.14%
26.10.2023,106.55,105.25,107.85,103.9,336990,0.90%
25.10.2023,105.6,104.4,106.2,103.5,406030,1.88%
24.10.2023,103.65,103.45,105.45,103.1,236360,0.19%
23.10.2023,103.45,104.75,105.2,102.85,258680,-1.10%
20.10.2023,104.6,105,106.35,103.55,233000,-0.52%
19.10.2023,105.15,104.4,105.9,103.7,201900,0.72%
18.10.2023,104.4,105.45,107.8,103.4,486760,-0.90%
17.10.2023,105.35,101.75,105.95,101.05,451950,3.64%
16.10.2023,101.65,108,108.25,101.5,21240,-4.01%
13.10.2023,105.9,105.5,108.15,104.55,397780,0.33%
12.10.2023,105.55,111,111.6,105.4,496070,-3.78%
11.10.2023,109.7,114,114,108.25,410230,-2.32%
10.10.2023,112.3,110.8,115.2,110.35,482900,2.51%
9.10.2023,109.55,107.35,111.1,104.2,504620,1.81%
6.10.2023,107.6,118.55,118.65,106.25,1250000,-9.39%
5.10.2023,118.75,126.65,128.5,118.2,613000,-6.16%
4.10.2023,126.55,128,130.75,125.45,450000,-1.98%
3.10.2023,129.1,120.45,130.65,120,719960,6.87%
2.10.2023,120.8,126.3,126.55,120.45,366470,-3.51%
29.9.2023,125.2,124.2,127.3,123.1,529600,1.21%
28.9.2023,123.7,135,135,121.55,1150000,-8.37%
27.9.2023,135,140,142,134.4,548710,-4.32%
26.9.2023,141.1,149,149.85,138.2,715130,-5.56%
25.9.2023,149.4,150.65,155.8,148.95,394340,0.47%
22.9.2023,148.7,148.9,150.6,146.1,220420,0.07%
21.9.2023,148.6,156.3,158.45,147.7,430890,-2.88%
20.9.2023,153,149.8,154.45,148.6,248490,3.10%
19.9.2023,148.4,155.2,155.2,147.3,384650,-3.20%
18.9.2023,153.3,154.95,156.4,152.85,208030,-0.62%
15.9.2023,154.25,157.2,157.6,154.2,937820,-0.90%
14.9.2023,155.65,155.9,157.8,154.45,210630,-0.16%
13.9.2023,155.9,156.05,156.45,153.7,199610,-0.51%
12.9.2023,156.7,157.35,158.5,154.55,196780,0.29%
11.9.2023,156.25,155.2,157.7,154.4,245180,1.40%
8.9.2023,154.1,149.2,154.65,149.2,270850,4.23%
7.9.2023,147.85,151,151.8,146.65,261130,-2.09%
6.9.2023,151,153.7,155.9,150.6,224520,-1.66%
5.9.2023,153.55,156.35,160,153.5,255930,-1.76%
4.9.2023,156.3,151,161.2,151,454900,3.89%
1.9.2023,150.45,147.8,151.45,145,232540,1.97%
31.8.2023,147.55,153.2,155.6,147.4,580780,-3.91%
30.8.2023,153.55,155.5,156.65,152.95,145450,-1.54%
29.8.2023,155.95,155,156.25,152.6,128470,0.71%
28.8.2023,154.85,157.9,158,153.6,128850,-0.80%
25.8.2023,156.1,153.5,157.1,152.1,160790,0.74%
24.8.2023,154.95,160.45,163.35,154.75,225660,-3.04%
23.8.2023,159.8,157.6,159.8,155.05,238260,1.72%
22.8.2023,157.1,156.5,158.65,154.1,205530,0.96%
21.8.2023,155.6,154.55,157.65,154,239470,1.04%
18.8.2023,154,150,154.35,150,209940,3.08%
17.8.2023,149.4,150,153.1,148.2,183960,-0.43%
16.8.2023,150.05,157,159.45,149.65,301650,-4.58%
14.8.2023,157.25,156.65,157.9,156.2,80210,0.00%
11.8.2023,157.25,158.1,158.95,156.2,122060,-1.41%
10.8.2023,159.5,156.4,161,156.1,144450,2.70%
9.8.2023,155.3,160.2,161.9,155.3,175250,-2.85%
8.8.2023,159.85,162.25,162.7,159.25,142970,-1.60%
7.8.2023,162.45,162.1,163,160.5,110860,-0.40%
4.8.2023,163.1,163.4,164.85,162.15,208630,0.25%
3.8.2023,162.7,158,162.75,157.5,264370,2.13%
2.8.2023,159.3,159.6,160.4,155.2,246520,-0.93%
1.8.2023,160.8,162.5,162.5,158.9,202070,-1.56%
31.7.2023,163.35,164.6,165.5,162.25,304430,-0.64%
28.7.2023,164.4,164,164.45,162.1,243330,0.06%
27.7.2023,164.3,158,165.5,158,541170,4.09%
26.7.2023,157.85,158,159.3,153.25,184110,0.06%
25.7.2023,157.75,158.55,159,156.2,183940,-0.32%
24.7.2023,158.25,157.5,160,156.65,200450,-0.94%
21.7.2023,159.75,160,160.8,156.45,251660,-0.28%
20.7.2023,160.2,158.55,160.35,157.2,167290,0.12%
19.7.2023,160,159.8,161,156.55,232120,0.34%
18.7.2023,159.45,159.6,159.7,156.5,159920,-0.03%
17.7.2023,159.5,153.8,160.6,152.2,283200,3.44%
14.7.2023,154.2,154,156.2,151.6,179120,0.10%
13.7.2023,154.05,152.55,158.15,151.15,386530,2.36%
12.7.2023,150.5,144.5,151.7,144.5,302760,4.12%
11.7.2023,144.55,145.95,147.15,143.75,127770,-0.65%
10.7.2023,145.5,144.2,145.5,141.8,133590,0.34%
7.7.2023,145,144.85,145.75,143.1,194670,0.14%
6.7.2023,144.8,143,144.8,140.65,280650,1.01%
5.7.2023,143.35,151.45,151.45,140.75,493620,-5.50%
4.7.2023,151.7,155,155.3,151.7,205870,-2.13%
3.7.2023,155,155,157.4,154.15,270690,0.10%
30.6.2023,154.85,156.5,157.8,153.4,216560,0.13%
29.6.2023,154.65,151.5,157.7,150.55,353350,2.52%
28.6.2023,150.85,148,155.05,147.65,455130,2.41%
27.6.2023,147.3,152.7,153,146.35,449030,-3.16%
26.6.2023,152.1,151.2,153.55,150.3,426200,0.07%
23.6.2023,152,153.85,156.4,152,345370,-2.31%
22.6.2023,155.6,154.05,158.2,153.2,320140,0.52%
21.6.2023,154.8,156,160.5,153.1,580040,-0.80%
20.6.2023,156.05,165.75,165.9,155.55,805020,-5.88%
19.6.2023,165.8,169,175.85,165,587150,-2.47%
16.6.2023,170,168.25,173,159.8,1620000,1.04%
15.6.2023,168.25,159.9,168.4,155.25,1430000,5.82%
14.6.2023,159,140.45,160,140.3,1350000,13.33%
13.6.2023,140.3,142.75,143.1,138.6,440280,-0.78%
12.6.2023,141.4,133,143.5,132.95,1580000,9.32%
9.6.2023,129.35,132,132.4,128.5,533340,-1.26%
7.6.2023,131,132.8,133,130.1,301970,-1.21%
6.6.2023,132.6,130.4,133.5,128.6,721820,1.45%
5.6.2023,130.7,129.95,131.5,128.05,479020,1.75%
2.6.2023,128.45,125,129.7,123.8,474350,3.59%
1.6.2023,124,121.6,124.2,121.1,228310,2.31%
31.5.2023,121.2,122.5,122.5,119.85,571200,-1.82%
30.5.2023,123.45,125.1,125.4,120.25,592290,-1.24%
29.5.2023,125,121.05,125.3,119.5,822100,5.13%
26.5.2023,118.9,115.8,118.9,114.95,379640,4.12%
25.5.2023,114.2,115,115.5,113.2,218620,-0.13%
24.5.2023,114.35,120.2,120.2,114.35,537850,-5.50%
23.5.2023,121,118,121.3,116.45,576200,2.50%
22.5.2023,118.05,114,118.3,113.05,467730,3.83%
19.5.2023,113.7,110.8,114.35,110.65,472570,3.84%
18.5.2023,109.5,110,111.9,108.55,168870,0.32%
17.5.2023,109.15,111.2,112.25,108.55,328270,-1.84%
16.5.2023,111.2,114.4,114.5,111.2,432670,-2.80%
15.5.2023,114.4,116.4,116.7,114.15,217800,-0.39%
12.5.2023,114.85,117,119.25,114.85,340640,-1.59%
11.5.2023,116.7,114.5,119.6,113.4,563330,3.27%
10.5.2023,113,112.5,113.75,111.35,229190,1.03%
9.5.2023,111.85,112.2,112.4,110.55,99140,0.04%
8.5.2023,111.8,113.45,114,111.2,186570,-0.97%
5.5.2023,112.9,112.2,113.7,112.15,170890,0.80%
4.5.2023,112,111.9,113.25,111.5,261550,0.22%
2.5.2023,111.75,114.1,116.3,111.6,307010,-1.37%
28.4.2023,113.3,114.1,115.2,113.1,277620,-0.61%
27.4.2023,114,111.6,114.5,110.9,234980,1.83%
26.4.2023,111.95,111.2,112.8,110.5,220620,0.86%
25.4.2023,111,110.5,112.25,110.1,171650,0.63%
24.4.2023,110.3,111.4,111.75,109.6,143670,-0.45%
21.4.2023,110.8,109,111.9,108.45,216510,1.05%
20.4.2023,109.65,109.65,110.6,108.5,220150,0.41%
19.4.2023,109.2,109.38,110,107.84,232670,-0.46%
18.4.2023,109.7,111.76,111.94,109.52,345370,-1.12%
17.4.2023,110.94,111.8,113.2,110.14,330670,0.18%
14.4.2023,110.74,110.9,112.82,110.4,281610,0.67%
13.4.2023,110,108.84,110.18,108.5,285620,1.07%
12.4.2023,108.84,105.6,110.28,105.3,400400,3.03%
11.4.2023,105.64,107.3,107.88,103.92,444060,-0.53%
6.4.2023,106.2,107.8,108.66,106,246750,-1.52%
5.4.2023,107.84,109.1,109.1,107,202350,-0.55%
4.4.2023,108.44,109.6,110.1,107.94,292130,0.35%
3.4.2023,108.06,110.94,111,106.44,603620,-2.84%
31.3.2023,111.22,120,124.4,111.22,1580000,-1.82%
30.3.2023,113.28,110.22,114.7,109.74,751780,2.81%
29.3.2023,110.18,110,110.84,105.52,470410,1.08%
28.3.2023,109,114.76,114.78,108.9,593250,-4.44%
27.3.2023,114.06,111.5,114.36,110.52,355490,3.13%
24.3.2023,110.6,110,113.2,109.52,635850,0.55%
23.3.2023,110,112.22,113.2,109.22,885630,-2.46%
22.3.2023,112.78,115.44,116.4,112.32,793650,-3.16%
21.3.2023,116.46,125.5,127.7,114.9,1280000,-10.91%
20.3.2023,130.72,130,132.28,128.82,192230,-0.21%
17.3.2023,131,135.2,136.3,130.28,530350,-3.25%
16.3.2023,135.4,131.5,135.4,130,365860,4.67%
15.3.2023,129.36,130,132.56,128.82,257200,-0.49%
14.3.2023,130,127.04,132.4,127,412440,2.30%
13.3.2023,127.08,128.72,130.04,120.8,412410,-1.26%
10.3.2023,128.7,130.9,131.2,127.62,187720,-2.63%
9.3.2023,132.18,132,133.78,131.46,134130,-0.06%
8.3.2023,132.26,134.68,134.68,131.46,174680,-0.90%
7.3.2023,133.46,132.5,134.8,131.4,169150,0.95%
6.3.2023,132.2,132,132.5,130.2,177400,1.18%
3.3.2023,130.66,132,133.54,129.7,235160,-0.11%
2.3.2023,130.8,132,132.3,129.42,201940,-1.10%
1.3.2023,132.26,133.86,135.6,131.9,203940,-0.11%
28.2.2023,132.4,132.12,133.84,130.7,207580,0.21%
27.2.2023,132.12,130,133.04,129.38,133390,2.01%
24.2.2023,129.52,134.14,134.14,129.46,170550,-3.70%
23.2.2023,134.5,132.06,135.86,132.06,180540,1.94%
22.2.2023,131.94,131.2,132.56,129.16,187690,0.55%
21.2.2023,131.22,136,136,131.22,352520,-3.76%
20.2.2023,136.34,136.24,137.74,135.1,91630,0.38%
17.2.2023,135.82,139,139.34,135.82,201950,-2.65%
16.2.2023,139.52,139.16,140.64,136.8,145150,0.81%
15.2.2023,138.4,133.7,138.5,133.3,126870,3.10%
14.2.2023,134.24,140.5,143,133.8,286180,-3.35%
13.2.2023,138.9,139.6,140.38,137,334400,0.19%
10.2.2023,138.64,140.68,141.1,136.18,795940,-2.01%
9.2.2023,141.48,143,143.66,141.1,143710,-0.16%
8.2.2023,141.7,142.56,145.4,141.52,185100,0.30%
7.2.2023,141.28,141.98,141.98,136.02,324220,-0.90%
6.2.2023,142.56,145.6,145.94,141.32,263530,-2.89%
3.2.2023,146.8,146.98,148.54,144.56,471930,0.70%
2.2.2023,145.78,141.5,148.16,140.14,574700,5.42%
1.2.2023,138.28,139.5,141.84,137.18,353200,-0.75%
31.1.2023,139.32,134.24,140.32,133,674470,4.91%
30.1.2023,132.8,133.5,134,131.2,321850,-0.82%
27.1.2023,133.9,135,136.42,133.4,123920,-0.56%
26.1.2023,134.66,133.36,135.6,132.54,142430,2.39%
25.1.2023,131.52,133,133.38,131,131580,-1.79%
24.1.2023,133.92,135.7,137.3,132.9,225860,-1.31%
23.1.2023,135.7,132.54,135.98,132.54,258890,2.40%
20.1.2023,132.52,132.9,134.6,131.6,191740,0.02%
19.1.2023,132.5,131.18,134.5,130.12,299000,-0.59%
18.1.2023,133.28,129.22,134.8,129.22,327120,3.00%
17.1.2023,129.4,129,131.16,127.2,246420,0.45%
16.1.2023,128.82,133,133.4,128.82,280500,-2.51%
13.1.2023,132.14,130.2,134.2,130.08,289520,1.69%
12.1.2023,129.94,135.7,135.8,128.66,845560,-4.29%
11.1.2023,135.76,138.34,139.38,134.3,460250,-1.74%
10.1.2023,138.16,132.26,138.64,131.5,340650,3.30%
9.1.2023,133.74,132.6,136,131.3,506010,0.89%
5.1.2023,132.56,127.2,134.12,127.1,553370,3.97%
4.1.2023,127.5,130.6,130.6,126.7,448470,-1.16%
3.1.2023,129,130,132.08,128.2,442440,-0.26%
2.1.2023,129.34,129,131.74,128.66,154160,-0.23%
30.12.2022,129.64,128,130.38,128,156060,0.61%
29.12.2022,128.86,126,129.3,126,156600,2.53%
28.12.2022,125.68,127,128.96,125.52,241390,-1.07%
27.12.2022,127.04,130,130,126.84,145360,-1.75%
23.12.2022,129.3,127.2,130.5,125.82,188310,1.73%
22.12.2022,127.1,130,130.64,126.82,191800,-2.31%
21.12.2022,130.1,128,130.74,127.82,214300,1.64%
20.12.2022,128,127.2,129.52,126.66,199560,-0.57%
19.12.2022,128.74,133,133.58,128.2,286410,-2.94%
16.12.2022,132.64,129.3,134.7,126.66,886980,2.11%
15.12.2022,129.9,141,141,129.9,914580,-8.91%
14.12.2022,142.6,137.1,143,136.38,407500,4.07%
13.12.2022,137.02,135.48,139.8,133.8,309990,1.86%
12.12.2022,134.52,132,136.7,130,250400,2.39%
9.12.2022,131.38,127.5,132.2,126.5,265110,3.87%
8.12.2022,126.48,129,129.8,125.1,267770,-1.57%
7.12.2022,128.5,130.76,130.76,128.08,289340,-1.73%
6.12.2022,130.76,128,131.5,125.68,389620,2.32%
5.12.2022,127.8,128.68,132.84,127.5,461700,0.38%
2.12.2022,127.32,124,129.5,121.24,601970,3.03%
1.12.2022,123.58,133,134.5,123.4,990990,-5.65%
30.11.2022,130.98,131.48,134.32,128.72,755590,-0.38%
29.11.2022,131.48,142.02,142.62,128.48,1280000,-5.08%
28.11.2022,138.52,140,140.96,137.34,363610,-1.06%
25.11.2022,140,141,144.6,140,376520,-0.98%
24.11.2022,141.38,140,143.38,140,250570,2.01%
23.11.2022,138.6,138.8,141.98,137.18,236650,0.48%
22.11.2022,137.94,140,143.84,137.14,377090,-0.96%
21.11.2022,139.28,144.7,145.9,135.04,489770,-3.94%
18.11.2022,145,147.34,153.5,144.9,422210,-1.25%
17.11.2022,146.84,147.06,148.88,143.2,287220,1.14%
16.11.2022,145.18,145.5,150.22,145,507270,-1.57%
15.11.2022,147.5,149,149.6,143.56,429610,1.33%
14.11.2022,145.56,141,148.98,141,715800,3.38%
10.11.2022,140.8,135.9,143,134.92,393950,3.29%
9.11.2022,136.32,135.7,137.06,133.54,194130,0.18%
8.11.2022,136.08,136,137.14,131.94,431530,-0.15%
7.11.2022,136.28,139.98,142.42,133.02,434480,-2.08%
4.11.2022,139.18,135,140,133.92,361600,3.68%
3.11.2022,134.24,133,135.48,130.3,505830,-1.45%
2.11.2022,136.22,127.5,136.5,126.18,918440,7.18%
31.10.2022,127.1,124,128.6,122.7,443320,2.50%
28.10.2022,124,119.5,124.7,118.54,603440,3.25%
27.10.2022,120.1,122.46,122.46,118.5,412610,-1.93%
26.10.2022,122.46,118.26,123.4,117.3,624190,3.55%
25.10.2022,118.26,120.5,121.08,117.54,649380,-2.26%
24.10.2022,121,120,124.86,119.5,638910,2.02%
21.10.2022,118.6,117.98,122.3,117.2,487840,-0.27%
20.10.2022,118.92,120,120.48,116.94,680870,0.17%
19.10.2022,118.72,122.66,123.34,118.72,637330,-2.06%
18.10.2022,121.22,119.2,125.88,118.34,950590,2.76%
17.10.2022,117.96,114.5,117.98,113.36,381470,3.69%
14.10.2022,113.76,115,117.22,113.02,498210,1.52%
13.10.2022,112.06,114,116.9,111.28,651180,-2.39%
12.10.2022,114.8,120.8,120.8,114,677540,-4.97%
11.10.2022,120.8,114.5,120.8,112.38,976530,5.34%
10.10.2022,114.68,114.9,116.14,113,736060,-1.33%
7.10.2022,116.22,111,116.22,109.02,786410,4.20%
6.10.2022,111.54,112.98,113,108.6,827350,1.16%
5.10.2022,110.26,118.34,123.32,109.52,2660000,1.72%
4.10.2022,108.4,107,109.5,105.72,926620,2.90%
3.10.2022,105.34,100,105.92,96.6,1020000,5.13%
30.9.2022,100.2,98.62,101.96,97,701000,1.60%
29.9.2022,98.62,107,108.5,97.82,906180,-6.75%
28.9.2022,105.76,103,106.5,100.7,837860,1.63%
27.9.2022,104.06,102.32,106.98,100.02,1640000,1.34%
26.9.2022,102.68,94.97,104,91.11,1480000,13.47%
23.9.2022,90.49,90,93.63,88.5,1560000,2.26%
22.9.2022,88.49,86.7,91.5,86.05,940570,0.65%
21.9.2022,87.92,88.42,90.23,86.72,403640,-1.53%
20.9.2022,89.29,89.8,90.65,87.82,544300,0.43%
19.9.2022,88.91,95.1,97.46,87.9,1640000,0.16%
16.9.2022,88.77,89.86,90.94,86.51,2820000,-3.20%
15.9.2022,91.7,90.6,92.6,88.5,1040000,1.39%
14.9.2022,90.44,85.9,90.65,85.01,652750,4.97%
13.9.2022,86.16,85.4,89.48,85.01,855970,1.80%
12.9.2022,84.64,88,88.21,82.62,635210,-3.60%
9.9.2022,87.8,84.7,87.8,83,610040,6.93%
8.9.2022,82.11,81,84.44,79.03,959960,5.42%
7.9.2022,77.89,81,84.2,76.81,704960,-0.87%
6.9.2022,78.57,82.2,82.39,78.42,415890,-3.78%
5.9.2022,81.66,82.05,83.37,81,361220,-0.41%
2.9.2022,82,81.92,82.5,80.12,374490,0.61%
1.9.2022,81.5,84,84,81.3,369250,-3.11%
31.8.2022,84.12,82.01,86,82,570410,2.70%
30.8.2022,81.91,82.86,83.67,81.5,367150,-0.75%
29.8.2022,82.53,82.32,82.93,80.85,203980,-1.75%
26.8.2022,84,82.9,85.86,82,452520,1.40%
25.8.2022,82.84,84.8,85.74,82.15,209140,-1.39%
24.8.2022,84.01,84,84.94,82.6,360300,0.01%
23.8.2022,84,85.93,86.46,83.95,370050,-2.39%
22.8.2022,86.06,88.4,88.44,85.7,496120,-3.23%
19.8.2022,88.93,90.97,91.32,88.93,468740,-3.44%
18.8.2022,92.1,93.5,94.5,90.8,186720,-1.50%
17.8.2022,93.5,92.55,93.89,91.7,286370,1.03%
16.8.2022,92.55,95.47,96.69,91.81,295820,-1.54%
12.8.2022,94,96.4,96.4,93.19,285230,-1.68%
11.8.2022,95.61,92,95.88,91.7,340820,3.92%
10.8.2022,92,89.5,92.75,87.6,281540,3.95%
9.8.2022,88.5,91.97,93,88.46,235340,-3.49%
8.8.2022,91.7,93.5,93.5,90.11,331810,-1.04%
5.8.2022,92.66,92.5,94.89,92.02,426480,0.19%
4.8.2022,92.48,88.5,93.55,87.7,439230,5.45%
3.8.2022,87.7,87.01,89.19,86.55,252400,1.39%
2.8.2022,86.5,90,90.13,86.47,300050,-4.28%
1.8.2022,90.37,89.3,91.15,87.4,227480,-0.48%
29.7.2022,90.81,89.9,90.81,88.8,324900,2.61%
28.7.2022,88.5,91.78,91.78,88.07,241720,-0.49%
27.7.2022,88.94,91.2,91.2,86.6,365850,-0.77%
26.7.2022,89.63,89.73,90.6,87.15,471220,-0.52%
25.7.2022,90.1,97,97,90.1,534750,-8.54%
22.7.2022,98.51,93,98.78,92.7,392700,6.44%
21.7.2022,92.55,95,95,91.68,419950,-1.96%
20.7.2022,94.4,95.61,95.78,91.88,350660,0.44%
19.7.2022,93.99,93.8,94,90.76,283410,0.19%
18.7.2022,93.81,95,95.56,91.27,347750,0.53%
15.7.2022,93.32,95,97.55,93,336670,-1.58%
14.7.2022,94.82,97.65,98.92,93.81,278100,-2.90%
13.7.2022,97.65,102.02,102.52,96.23,218600,-4.28%
12.7.2022,102.02,104.5,104.5,101.1,420780,-2.37%
11.7.2022,104.5,104,105.92,102.64,433050,1.06%
8.7.2022,103.4,103.8,104.9,100.5,263890,-0.37%
7.7.2022,103.78,97.89,103.92,97.52,449300,6.50%
6.7.2022,97.45,91.6,99,91.5,490560,6.12%
5.7.2022,91.83,96.78,96.78,88.88,372660,-3.64%
4.7.2022,95.3,97.9,97.9,94.11,259140,-2.72%
1.7.2022,97.96,95.4,98.28,93.56,309700,2.38%
30.6.2022,95.68,97,101.1,95.41,573890,-2.71%
29.6.2022,98.35,96.5,98.35,94.24,312580,0.98%
28.6.2022,97.4,95.4,97.85,95.17,291400,2.55%
27.6.2022,94.98,94.7,95.5,93.08,324290,0.60%
24.6.2022,94.41,91.5,94.65,90.69,226060,4.12%
23.6.2022,90.67,90,91.68,89.05,206790,-0.31%
22.6.2022,90.95,90.19,91.71,88.37,246970,-0.46%
21.6.2022,91.37,93.19,93.7,90.92,284660,-1.22%
20.6.2022,92.5,90.6,93.48,90.6,215990,2.18%
17.6.2022,90.53,90.36,93.26,90,849090,-1.39%
15.6.2022,91.81,91.5,91.9,89.91,413810,0.45%
14.6.2022,91.4,88.5,92.4,86.69,603540,3.36%
13.6.2022,88.43,91.5,92.78,88.3,594370,-5.55%
10.6.2022,93.63,93.25,95.9,89.81,948620,-0.34%
9.6.2022,93.95,103.5,103.5,93.15,1100000,-9.12%
8.6.2022,103.38,104.28,105.86,103.02,345850,-1.71%
7.6.2022,105.18,106.46,106.88,103.52,390570,-1.61%
6.6.2022,106.9,104.6,108.7,103.58,275870,2.59%
3.6.2022,104.2,108.9,109.7,104.02,260090,-3.46%
2.6.2022,107.94,109.06,109.06,106.5,246180,-0.39%
1.6.2022,108.36,109.3,110.62,108.2,288760,-0.28%
31.5.2022,108.66,113.1,113.12,108.52,1180000,-3.93%
30.5.2022,113.1,114,117.98,113.08,341850,0.73%
27.5.2022,112.28,112.06,114.72,107.32,596170,1.50%
26.5.2022,110.62,108.5,111.6,106.62,378580,2.43%
25.5.2022,108,111,111.26,105.88,480380,-2.70%
24.5.2022,111,115.64,116.8,110.84,565230,-4.82%
23.5.2022,116.62,120,121.8,115.52,277640,-1.47%
20.5.2022,118.36,117,121.68,116.7,389420,1.27%
19.5.2022,116.88,117.2,118.04,114.76,676740,-1.86%
18.5.2022,119.1,124.8,124.8,118.82,429690,-4.06%
17.5.2022,124.14,118.48,125.4,117.4,548380,6.21%
16.5.2022,116.88,120.5,121.38,116.88,233200,-3.15%
13.5.2022,120.68,117.38,121.72,116.26,328130,3.48%
12.5.2022,116.62,117.12,119.52,113.62,20080,-3.68%
11.5.2022,121.08,117.46,121.46,115.78,408030,3.93%
10.5.2022,116.5,117.36,118.2,113.3,300500,1.25%
9.5.2022,115.06,117.74,117.84,114.14,297620,-2.28%
6.5.2022,117.74,117,118.46,114.4,497090,-1.46%
5.5.2022,119.48,124.7,125.3,118.96,417240,-2.91%
4.5.2022,123.06,120,123.62,115.22,748430,3.05%
2.5.2022,119.42,119.82,121.18,115.5,389240,-1.29%
29.4.2022,120.98,124.16,126.9,119.78,642610,-2.02%
28.4.2022,123.48,130,130.34,122.4,641560,-4.37%
27.4.2022,129.12,128,130.92,125,643450,0.91%
26.4.2022,127.96,131.94,133.2,126.84,569590,-2.11%
25.4.2022,130.72,127,131.2,125.7,922890,2.45%
22.4.2022,127.6,129,132,125.66,1070000,-0.81%
21.4.2022,128.64,138,139.74,127.8,1400000,-6.40%
20.4.2022,137.44,150,152.4,137.44,1230000,-8.31%
19.4.2022,149.9,167,167.96,149.8,1670000,-10.24%
14.4.2022,167,167.82,170.26,162.96,467340,-1.70%
13.4.2022,169.88,170,171.32,168.18,124380,0.64%
12.4.2022,168.8,174.76,174.9,168.7,253050,-3.97%
11.4.2022,175.78,170.1,175.9,168.9,237850,2.87%
8.4.2022,170.88,176,176,170.5,200790,-1.79%
7.4.2022,174,176.6,177.34,173.7,237130,-0.63%
6.4.2022,175.1,178.08,178.08,173.62,187270,-0.68%
5.4.2022,176.3,175,179.92,174.48,335440,1.25%
4.4.2022,174.12,175,175.9,172.1,189760,-0.93%
1.4.2022,175.76,174,176.7,173.1,227600,1.16%
31.3.2022,173.74,180.5,182.02,173.74,448330,-4.34%
30.3.2022,181.62,178.3,182.8,177.8,284350,1.86%
29.3.2022,178.3,177.24,179.62,174.5,274920,1.08%
28.3.2022,176.4,175.12,178.86,173.78,207050,0.55%
25.3.2022,175.44,176.1,178.94,174,219220,-0.31%
24.3.2022,175.98,178,178.02,174,237860,-1.11%
23.3.2022,177.96,174.88,181.4,174.3,491890,2.17%
22.3.2022,174.18,186.94,187.14,171.68,1110000,1.67%
21.3.2022,171.32,168.56,172.8,168.2,183150,0.71%
18.3.2022,170.12,173.78,174.38,168.2,509010,-1.66%
17.3.2022,173,171.5,173.9,168.8,388040,1.59%
16.3.2022,170.3,169,172.36,166.06,518060,2.02%
15.3.2022,166.92,163,169.4,161.74,356640,2.59%
14.3.2022,162.7,163.64,166.7,160.52,300110,-0.50%
11.3.2022,163.52,160.34,165.28,158.52,343460,3.49%
10.3.2022,158,162.72,164.38,158,298590,-2.51%
9.3.2022,162.06,160.4,164.5,160.16,351240,2.60%
8.3.2022,157.96,162,164.88,156,437220,-3.02%
7.3.2022,162.88,158,163.48,155,578620,0.99%
4.3.2022,161.28,163,165.88,159.56,312570,-1.06%
3.3.2022,163,171.5,172,163,434390,-5.52%
2.3.2022,172.52,167,175,165.98,581860,2.51%
1.3.2022,168.3,170,171.96,166.92,597470,-0.06%
28.2.2022,168.4,161.42,170,159.04,653470,2.43%
25.2.2022,164.4,164.32,167.48,160.22,427060,2.84%
24.2.2022,159.86,160,164,150.2,763170,-5.63%
23.2.2022,169.4,175.74,179.9,169,418290,-0.99%
22.2.2022,171.1,166,171.1,159.2,403440,1.24%
21.2.2022,169,176.56,177.2,168.38,322390,-3.32%
18.2.2022,174.8,180,182.32,174.8,274160,-2.89%
17.2.2022,180,182,183.8,178.6,346060,-0.99%
16.2.2022,181.8,187.5,188,180.2,334220,0.52%
15.2.2022,180.86,180,187.36,179.42,622290,1.15%
14.2.2022,178.8,173.68,180.78,172.9,466450,0.44%
11.2.2022,178.02,180.76,180.76,176.8,242560,-1.91%
10.2.2022,181.48,183.8,184,178.16,197820,-1.15%
9.2.2022,183.6,179.8,183.6,177.94,363960,2.88%
8.2.2022,178.46,179.26,180,173.4,495050,-0.61%
7.2.2022,179.56,178.02,181.32,176,407030,0.94%
4.2.2022,177.88,183,187.34,177.88,360360,-3.85%
3.2.2022,185,183.24,185.84,182.46,112530,-0.45%
2.2.2022,185.84,182,186.6,180.94,372930,2.71%
1.2.2022,180.94,181.28,185.9,177.82,888180,0.49%
31.1.2022,180.06,169.2,180.06,166.5,524310,8.33%
28.1.2022,166.22,175,176.9,166.1,474340,-5.23%
27.1.2022,175.4,171.96,175.72,168.56,269910,1.32%
26.1.2022,173.12,173.5,177.2,172.02,316120,0.17%
25.1.2022,172.82,178,180.88,172.4,515300,-2.91%
24.1.2022,178,185,187.5,176,492730,-4.30%
21.1.2022,186,189,191,184.16,377090,-2.11%
20.1.2022,190,189.3,192.36,187.48,394610,1.20%
19.1.2022,187.74,192,192.38,187,541810,-3.23%
18.1.2022,194,190,208.1,186.46,1470000,1.57%
17.1.2022,191,191.5,191.82,188.7,113830,0.00%
14.1.2022,191,192.96,195.34,189.7,256700,-1.05%
13.1.2022,193.02,193,197.76,192,294450,-1.52%
12.1.2022,196,189.3,196.66,186,523990,3.95%
11.1.2022,188.56,189.5,193.1,188.2,343540,0.24%
10.1.2022,188.1,198.6,199.66,188.1,403340,-5.31%
7.1.2022,198.64,200.4,201.55,195.88,530650,-2.63%
5.1.2022,204,198,204,197.2,348890,2.79%
4.1.2022,198.46,200.9,201.8,197.7,513850,-1.07%
3.1.2022,200.6,192.88,201.9,192.36,650790,3.99%
30.12.2021,192.9,189.2,192.9,189.2,162820,1.46%
29.12.2021,190.12,189.5,193.5,188.52,162690,-0.20%
28.12.2021,190.5,194,195.2,189.6,260010,-2.45%
27.12.2021,195.28,191.18,197.26,188.2,301040,0.36%
23.12.2021,194.58,197.84,197.86,191.22,224340,-1.65%
22.12.2021,197.84,191.4,197.84,191,334360,3.39%
21.12.2021,191.36,191,193,187.02,220560,-0.87%
20.12.2021,193.04,184.24,193.04,184.06,408730,2.16%
17.12.2021,188.96,182.72,189.06,182.1,752660,2.72%
16.12.2021,183.96,183.5,187.24,181,464350,2.77%
15.12.2021,179,173.2,181.56,172.94,370790,3.52%
14.12.2021,172.92,182.62,184.26,172.92,447540,-5.31%
13.12.2021,182.62,178.66,183.58,178.66,266660,2.29%
10.12.2021,178.54,179.78,181.3,178.06,147390,-0.89%
9.12.2021,180.14,184,186.76,178.58,319070,-3.25%
8.12.2021,186.2,185.4,188.06,183.54,249960,0.33%
7.12.2021,185.58,184.9,189.68,183.4,364940,0.86%
6.12.2021,184,182.1,185.34,181.1,278650,1.40%
3.12.2021,181.46,181.58,183.58,179.92,621880,0.81%
2.12.2021,180,182.5,183.7,177.5,361140,-2.70%
1.12.2021,185,183.54,185.6,178.1,450970,1.23%
30.11.2021,182.76,180,186.5,175.3,1310000,-4.57%
29.11.2021,191.52,187,198.8,186.94,538880,3.23%
26.11.2021,185.52,185,186.8,181.1,553810,-0.83%
25.11.2021,187.08,189,190.98,185.18,194870,0.29%
24.11.2021,186.54,199.88,201,186.5,556520,-7.19%
23.11.2021,201,194,201,190.4,959890,3.35%
22.11.2021,194.48,189,197.5,186.6,604450,2.90%
19.11.2021,189,180,189.6,178.5,463900,4.22%
18.11.2021,181.34,179.92,181.88,178,181270,0.78%
17.11.2021,179.94,184.5,184.5,179.22,198920,-1.67%
16.11.2021,183,184,187.36,182.38,247350,-0.17%
15.11.2021,183.32,184.72,189.86,183.32,257870,-0.80%
12.11.2021,184.8,182.5,187.28,182.08,305790,2.25%
10.11.2021,180.74,182.26,182.5,178.36,148480,-0.53%
9.11.2021,181.7,178.4,182.86,178.24,194950,1.51%
8.11.2021,179,178.82,181.88,178.22,85700,0.10%
5.11.2021,178.82,182,183.2,177.42,206710,-1.26%
4.11.2021,181.1,174.02,181.6,173.22,281410,4.32%
3.11.2021,173.6,173.82,177.32,173,406800,0.10%
2.11.2021,173.42,176.2,176.2,170.66,323190,-0.26%
29.10.2021,173.88,174.1,177.2,172.58,383670,0.61%
28.10.2021,172.82,178.98,180.52,172.82,370010,-2.92%
27.10.2021,178.02,181.82,183.14,176.2,348710,-2.19%
26.10.2021,182,187.26,188.5,182,215290,-2.78%
25.10.2021,187.2,185.5,187.68,184.7,222790,1.58%
22.10.2021,184.28,181,184.98,181,289500,1.81%
21.10.2021,181,183.42,184.46,175.76,1260000,-6.51%
20.10.2021,193.6,197,197.58,193.5,209050,-1.96%
19.10.2021,197.48,189.1,197.52,189.1,303810,4.45%
18.10.2021,189.06,188.8,191.5,186.1,334340,0.50%
15.10.2021,188.12,200.8,201,188.02,963880,-5.94%
14.10.2021,200,208.8,212,199.3,577650,-4.24%
13.10.2021,208.85,203.05,209.4,200.8,402530,2.43%
12.10.2021,203.9,195.16,204.8,195.16,618030,4.46%
11.10.2021,195.2,194.76,197.9,192.8,272270,0.17%
8.10.2021,194.86,193.88,196.7,192.66,253150,0.39%
7.10.2021,194.1,190,197.3,189.68,494760,0.50%
6.10.2021,193.14,192.7,193.78,188,375760,-0.44%
5.10.2021,194,184,194,182.5,516590,5.38%
4.10.2021,184.1,188.12,188.12,182.5,423250,-2.87%
1.10.2021,189.54,190.5,195.4,186.52,21190,-1.18%
30.9.2021,191.8,186.1,191.8,184.48,364150,4.18%
29.9.2021,184.1,184,186.9,183,137600,0.15%
28.9.2021,183.82,180.3,185,179,230900,1.46%
27.9.2021,181.18,185.4,186.14,177.2,295820,-1.54%
24.9.2021,184.02,192.74,192.8,184.02,363200,-4.65%
23.9.2021,193,191,196.5,190.42,257000,1.53%
22.9.2021,190.1,186.2,192.68,185.8,443800,2.87%
21.9.2021,184.8,184.2,188,183,367100,0.21%
20.9.2021,184.42,192.12,192.26,184,384310,-5.43%
17.9.2021,195,197,199.42,192.28,1080000,-0.69%
16.9.2021,196.36,191,196.5,191,597920,2.88%
15.9.2021,190.86,187.4,191.6,186.64,350840,1.10%
14.9.2021,188.78,189,189.76,184.24,427520,0.45%
13.9.2021,187.94,182.26,188.7,181.5,489360,3.59%
10.9.2021,181.42,180.7,183.86,179.18,307770,0.41%
9.9.2021,180.68,177.9,180.68,176.6,325660,1.22%
8.9.2021,178.5,185,185,178.3,466060,-3.51%
7.9.2021,185,186.9,187.58,181.8,424730,-1.60%
6.9.2021,188,187.34,189.2,185.02,298440,0.52%
3.9.2021,187.02,189.98,192.06,185,426210,-1.56%
2.9.2021,189.98,180,192.96,179.6,1620000,11.52%
1.9.2021,170.36,171,173.9,169.4,438620,0.61%
31.8.2021,169.32,167.78,172.62,167.28,718030,1.01%
30.8.2021,167.62,167.88,169.88,164.4,440310,-0.10%
27.8.2021,167.78,168.22,168.48,165.5,205620,-0.15%
26.8.2021,168.04,164.98,170.9,163.2,460050,1.49%
25.8.2021,165.58,165.72,166.4,164.14,229920,-0.12%
24.8.2021,165.78,166.22,166.88,165.02,178930,0.34%
23.8.2021,165.22,166.16,167.78,164.2,191400,-0.31%
20.8.2021,165.74,168.28,168.3,164.38,412700,-1.52%
19.8.2021,168.3,167.08,168.68,164.58,192910,1.02%
18.8.2021,166.6,170.14,170.4,166.5,214890,-2.58%
17.8.2021,171.02,165.5,171.54,164.5,396750,3.65%
16.8.2021,165,168.9,170.5,165,279200,-2.31%
13.8.2021,168.9,167.6,172.88,166.48,197490,1.22%
12.8.2021,166.86,167,168.08,164.74,175530,-0.30%
11.8.2021,167.36,166.2,168.56,164.08,226490,0.72%
10.8.2021,166.16,172.6,172.8,166.16,527030,-3.40%
9.8.2021,172,175,175.24,170.66,230120,-1.22%
6.8.2021,174.12,178.3,178.34,173.5,181800,-2.31%
5.8.2021,178.24,175.88,179.78,174.74,290570,1.79%
4.8.2021,175.1,175.52,178,172.66,244130,-0.24%
3.8.2021,175.52,177,177.38,174.1,411370,0.30%
2.8.2021,175,183.48,183.48,174.6,828780,-5.27%
30.7.2021,184.74,182.66,184.8,178.64,307100,0.40%
29.7.2021,184,186,189.3,182.86,540020,0.12%
28.7.2021,183.78,183.22,184.06,176.8,669130,0.31%
27.7.2021,183.22,184.42,184.78,181.22,317100,-0.42%
26.7.2021,184,188.9,188.9,182.34,338740,-1.22%
23.7.2021,186.28,187.5,189.08,185.86,219460,0.13%
22.7.2021,186.04,187.3,191,185.24,254140,0.85%
21.7.2021,184.48,188,194.24,180.4,415890,-1.66%
20.7.2021,187.6,186.86,188.8,185.14,399600,0.70%
19.7.2021,186.3,193.6,194,184.64,508610,-4.04%
16.7.2021,194.14,194.94,197.96,193.5,279130,-0.40%
15.7.2021,194.92,195.98,197.66,193.12,400150,-0.52%
14.7.2021,195.94,203,203.2,195.5,329110,-3.69%
13.7.2021,203.45,202.5,206.15,201.3,417150,0.79%
12.7.2021,201.85,190.2,202,190.1,1030000,7.37%
9.7.2021,188,189.14,189.88,187.1,220830,0.28%
8.7.2021,187.48,192,193.9,186.82,319780,-3.06%
7.7.2021,193.4,189.68,193.5,186.86,407520,3.25%
6.7.2021,187.32,191.9,192.5,187.32,437750,-2.39%
5.7.2021,191.9,192.62,192.9,189.34,146930,0.89%
2.7.2021,190.2,189.68,192.8,188.8,264190,0.76%
1.7.2021,188.76,185.1,190.96,185.1,365130,2.02%
30.6.2021,185.02,187.38,190,182.6,506270,-1.77%
29.6.2021,188.36,185,193.24,185,667810,1.54%
28.6.2021,185.5,179.62,187.6,178.06,504100,3.22%
25.6.2021,179.72,180,184.1,179,511220,-0.18%
24.6.2021,180.04,178,182.4,176.54,394300,1.15%
23.6.2021,178,177.1,178.72,173.04,575110,0.12%
22.6.2021,177.78,182.98,185.96,177.12,356450,-3.05%
21.6.2021,183.38,183.86,184.62,179.42,256810,-0.26%
18.6.2021,183.86,182,183.86,179,889320,1.58%
17.6.2021,181,185,186.4,178.22,843200,-2.76%
16.6.2021,186.14,207,211.65,186,1530000,-6.45%
15.6.2021,198.98,191.5,204.7,190.9,1570000,6.53%
14.6.2021,186.78,186.2,187.9,182.66,406460,0.53%
11.6.2021,185.8,174,186.5,172.82,674700,6.78%
10.6.2021,174,177.1,178.26,172.58,284220,-1.42%
9.6.2021,176.5,173,178.8,170.8,879840,3.22%
8.6.2021,171,169.28,172.2,168,418030,0.73%
7.6.2021,169.76,170.66,173.68,167.12,454670,-0.84%
4.6.2021,171.2,164.82,171.2,161.82,516370,5.95%
2.6.2021,161.58,154,161.78,152.8,1250000,5.35%
1.6.2021,153.38,156.12,158,152.6,1830000,-9.10%
31.5.2021,168.74,175,175,168.28,525990,-5.51%
28.5.2021,178.58,177.7,182.96,174,598750,1.75%
27.5.2021,175.5,165.6,175.5,165.5,1110000,8.60%
26.5.2021,161.6,165,168.18,161.6,392380,-2.00%
25.5.2021,164.9,169.22,173.66,162.1,641940,-1.97%
24.5.2021,168.22,172,172,168.1,463010,-2.76%
21.5.2021,173,175.5,176.36,171.46,659440,-1.42%
20.5.2021,175.5,169.22,176.32,169.2,681650,3.81%
19.5.2021,169.06,169,170.3,166,578880,-0.55%
18.5.2021,170,174.5,176.66,167.24,935850,-1.00%
17.5.2021,171.72,167,178,165.5,927410,4.15%
14.5.2021,164.88,159.48,166.76,155.1,614870,4.41%
13.5.2021,157.92,162.2,164.12,155.74,604190,-1.91%
12.5.2021,161,155.26,170.78,151.78,963650,4.37%
11.5.2021,154.26,156.96,157.08,151.08,771290,-1.53%
10.5.2021,156.66,163,165.4,156.6,468420,-2.97%
7.5.2021,161.46,157,161.46,156.14,449910,3.16%
6.5.2021,156.52,160.5,161.28,154.62,773760,-3.08%
5.5.2021,161.5,168,168.42,156.3,772180,-4.39%
4.5.2021,168.92,175.22,175.8,167.7,591800,-2.99%
30.4.2021,174.12,175.76,179.74,174,480140,-0.64%
29.4.2021,175.24,175,177,170.6,524520,1.59%
28.4.2021,172.5,170,174.7,168.6,666270,2.50%
27.4.2021,168.3,166,173.34,166,614500,-0.40%
26.4.2021,168.98,173.48,173.9,165.1,689760,-1.26%
23.4.2021,171.14,176.98,179,167.5,708620,-1.36%
22.4.2021,173.5,175.7,176.7,172.3,302260,0.52%
21.4.2021,172.6,173,179.96,167.3,735260,-0.23%
20.4.2021,173,178.5,181.2,172.22,571330,-2.54%
19.4.2021,177.5,178.94,185.1,177.1,685110,0.42%
16.4.2021,176.76,190,192.5,175,1700000,-5.69%
15.4.2021,187.42,186,188.8,185.02,325030,0.89%
14.4.2021,185.76,188.5,190.3,184.2,547450,-0.40%
13.4.2021,186.5,187.2,190.5,185.98,361860,0.00%
12.4.2021,186.5,185.7,188.1,183.38,391290,1.15%
9.4.2021,184.38,183.52,192,181.6,1060000,0.75%
8.4.2021,183,191.78,191.78,182.1,1180000,-4.57%
7.4.2021,191.76,198.22,198.84,191,522390,-2.70%
6.4.2021,197.08,198.98,201,194.02,734970,1.28%
1.4.2021,194.58,190.8,197.78,185.06,1060000,2.14%
31.3.2021,190.5,199.8,203.7,181.5,3530000,-12.57%
30.3.2021,217.9,250,251.6,216.8,1650000,-9.09%
29.3.2021,239.7,218,243.5,216,2090000,13.07%
26.3.2021,212,210,216.9,209.5,437110,1.87%
25.3.2021,208.1,219.9,221.9,208.1,740460,-4.15%
24.3.2021,217.1,219.4,222.4,215.1,480750,-1.63%
23.3.2021,220.7,218,221,211.4,589240,1.71%
22.3.2021,217,221,221,216.8,536430,-2.78%
19.3.2021,223.2,220.7,227,217.9,961060,1.13%
18.3.2021,220.7,231,231.7,220.7,634370,-4.46%
17.3.2021,231,230,232,223.1,535620,0.65%
16.3.2021,229.5,233,236.1,226.5,418640,-0.17%
15.3.2021,229.9,231,234.6,225.5,523880,1.50%
12.3.2021,226.5,223,235.1,220.3,846780,2.49%
11.3.2021,221,210.5,223.6,206.6,1200000,5.14%
10.3.2021,210.2,223,226.7,210.2,1260000,-5.74%
9.3.2021,223,231.5,233.7,223,1020000,-3.88%
8.3.2021,232,234.9,237.5,232,407550,0.00%
5.3.2021,232,233.5,237.8,228.8,458450,-1.28%
4.3.2021,235,228.3,237.5,226,531890,2.93%
3.3.2021,228.3,241.8,245.3,227,836640,-5.39%
2.3.2021,241.3,240.9,245.9,236,674140,0.42%
1.3.2021,240.3,237.4,241,225.2,1090000,1.56%
26.2.2021,236.6,249.6,249.9,234.2,1480000,-5.96%
25.2.2021,251.6,255,256,249.1,767660,-2.56%
24.2.2021,258.2,258.2,262.3,256,341060,0.19%
23.2.2021,257.7,259,261.1,250.1,556190,-0.15%
22.2.2021,258.1,266.4,268.2,258,467360,-2.75%
19.2.2021,265.4,275,278.9,264.7,429130,-3.49%
18.2.2021,275,271.3,283.5,269.2,498950,1.36%
17.2.2021,271.3,272.1,272.5,268.1,294250,0.44%
16.2.2021,270.1,271,273.2,266.7,326740,0.04%
15.2.2021,270,260,270.6,258.3,270920,2.66%
12.2.2021,263,269.1,269.7,260.3,366960,-2.77%
11.2.2021,270.5,268.5,271.4,268,350850,0.37%
10.2.2021,269.5,268.9,275.5,264.4,655250,-0.19%
9.2.2021,270,287,288.2,268.4,1130000,-5.69%
8.2.2021,286.3,297,297.8,286.3,484610,-2.42%
5.2.2021,293.4,293.2,297.9,288.2,434370,0.82%
4.2.2021,291,288.1,298.8,288.1,403340,1.04%
3.2.2021,288,284,295.6,283.4,690040,1.66%
2.2.2021,283.3,305.5,305.9,282.4,1380000,-7.36%
1.2.2021,305.8,305.5,316,291.3,1010000,0.20%
29.1.2021,305.2,354,358,297.7,2950000,-16.38%
28.1.2021,365,311.2,376.5,299.1,6860000,15.58%
27.1.2021,315.8,308,345,308,5870000,5.27%
26.1.2021,300,273.1,300,273.1,2680000,8.81%
25.1.2021,275.7,252,276.6,250.3,1610000,10.24%
22.1.2021,250.1,252,257,249.9,519930,-1.22%
21.1.2021,253.2,255,260.5,251.6,901490,0.20%
20.1.2021,252.7,247,255.7,239,741540,1.81%
19.1.2021,248.2,255.3,257,242.8,752440,-2.09%
18.1.2021,253.5,257,258.2,249.3,480230,-1.05%
15.1.2021,256.2,265,267.2,251.1,760610,-3.32%
14.1.2021,265,253.4,277.1,251.3,1290000,6.04%
13.1.2021,249.9,248.5,253.5,247.1,654830,0.56%
12.1.2021,248.5,246,252.9,243,656350,1.02%
11.1.2021,246,240,257,240,795940,2.54%
8.1.2021,239.9,250.2,253.4,234.2,1520000,-3.27%
7.1.2021,248,267,267.1,248,1520000,-6.66%
5.1.2021,265.7,275.6,275.6,263.6,907150,-3.87%
4.1.2021,276.4,276.5,279,268.1,694600,0.62%
30.12.2020,274.7,280.5,280.5,270.4,650140,-2.07%
29.12.2020,280.5,279.5,285.2,274.4,690380,2.37%
28.12.2020,274,265,274,257.1,1030000,1.86%
23.12.2020,269,275,275.6,252,1450000,0.49%
22.12.2020,267.7,262.6,275.9,262,1490000,4.57%
21.12.2020,256,260,265.3,248,2710000,-5.67%
18.12.2020,271.4,260,272.6,242.5,5440000,-12.23%
17.12.2020,309.2,305,313.9,305,1070000,3.07%
16.12.2020,300,299.3,304,290,1120000,0.00%
15.12.2020,300,303.8,316.8,294,2660000,1.32%
14.12.2020,296.1,265,298,238.5,5360000,-7.61%
11.12.2020,320.5,358.8,358.8,308.3,3970000,-11.46%
10.12.2020,362,391.5,401.1,358.3,2050000,-8.54%
9.12.2020,395.8,399.7,412.1,383.2,1410000,0.20%
8.12.2020,395,400,410.4,385,1870000,-7.08%
7.12.2020,425.1,446.5,464.2,401.9,1430000,-4.04%
4.12.2020,443,422.8,443.5,422.5,471520,5.23%
3.12.2020,421,426,428,418,482450,-0.94%
2.12.2020,425,411.2,426,404.7,565810,4.68%
1.12.2020,406,392.4,418.2,392.4,938470,4.24%
30.11.2020,389.5,366,391.2,366,1050000,7.39%
27.11.2020,362.7,359,364,352.6,382790,1.06%
26.11.2020,358.9,369,377.5,358,496370,-1.40%
25.11.2020,364,372.2,373.5,363.1,346770,-1.91%
24.11.2020,371.1,375,377,365.5,278350,-0.40%
23.11.2020,372.6,377.5,389,372,325870,0.11%
20.11.2020,372.2,368.1,376.1,368,295550,1.14%
19.11.2020,368,374,374,365.5,338480,-1.74%
18.11.2020,374.5,371,378.8,370,309340,1.33%
17.11.2020,369.6,360,371,359.2,293780,2.55%
16.11.2020,360.4,370,371.9,360.4,308160,-0.83%
13.11.2020,363.4,372.5,372.5,363.1,286440,-2.42%
12.11.2020,372.4,371,378.4,367.2,443940,1.83%
10.11.2020,365.7,375,378.7,353.5,808750,-1.53%
9.11.2020,371.4,389,401.1,369.1,973130,-3.05%
6.11.2020,383.1,373,389,371.5,378070,3.23%
5.11.2020,371.1,387.9,396.2,370,764030,-2.65%
4.11.2020,381.2,365,386.9,359.8,754990,4.44%
3.11.2020,365,347.5,366.5,343,585150,6.51%
2.11.2020,342.7,343.6,348.8,341.4,463670,2.18%
30.10.2020,335.4,351.7,352,333.3,582120,-5.25%
29.10.2020,354,336,356.5,334,764400,6.95%
28.10.2020,331,349,353.9,320,1570000,-9.09%
27.10.2020,364.1,363.2,380,362.6,686230,1.14%
26.10.2020,360,354.5,365.6,354,374910,1.84%
23.10.2020,353.5,367.4,370.1,352.7,782010,-3.57%
22.10.2020,366.6,360,376.5,358,333210,0.22%
21.10.2020,365.8,367.2,369.4,354.7,686250,-0.57%
20.10.2020,367.9,372,378,362.2,485650,-1.10%
19.10.2020,372,381.6,384,372,310370,-1.74%
16.10.2020,378.6,378,390,378,627820,0.96%
15.10.2020,375,386.4,387.5,373.3,311460,-3.60%
14.10.2020,389,383,397.7,380.1,424440,1.57%
13.10.2020,383,371,384.2,367,283060,3.23%
12.10.2020,371,378,382.7,371,430800,-1.90%
9.10.2020,378.2,389.9,389.9,373.5,367450,-2.75%
8.10.2020,388.9,381.2,388.9,379.9,363140,3.13%
7.10.2020,377.1,375.3,379.8,365.7,529450,0.61%
6.10.2020,374.8,400,400.8,373,793730,-5.99%
5.10.2020,398.7,403,410.5,395.1,388530,0.38%
2.10.2020,397.2,390.1,400.5,384.1,758120,3.82%
1.10.2020,382.6,416.9,416.9,377,1170000,-8.56%
30.9.2020,418.4,425,430.4,418.4,428690,-3.01%
29.9.2020,431.4,429.9,434.7,424.5,311730,0.42%
28.9.2020,429.6,414,429.6,413.3,315510,4.78%
25.9.2020,410,404.6,410,400.1,280910,1.84%
24.9.2020,402.6,404,409.4,398.3,534190,-1.08%
23.9.2020,407,400.9,409.4,400.9,321580,1.52%
22.9.2020,400.9,391.3,407.9,390.2,558150,4.05%
21.9.2020,385.3,402,409.2,385.3,421150,-4.18%
18.9.2020,402.1,405,411.3,402.1,687670,-0.47%
17.9.2020,404,402,406.2,396.8,328480,-0.32%
16.9.2020,405.3,405.6,412.9,401.5,343710,0.57%
15.9.2020,403,417.2,417.2,400.5,449660,-3.43%
14.9.2020,417.3,433,434.5,417.3,609770,-3.00%
11.9.2020,430.2,430,433,427.1,423620,0.28%
10.9.2020,429,431.3,433.3,427.8,460990,-0.69%
9.9.2020,432,433,434.3,426.6,419620,-0.32%
8.9.2020,433.4,440,440.3,428.2,388170,-0.73%
7.9.2020,436.6,430.1,439.1,425.7,152480,2.01%
4.9.2020,428,419.8,435.9,411.6,813830,-0.60%
3.9.2020,430.6,443.4,446.8,429.8,302440,-2.11%
2.9.2020,439.9,439.1,451,438.1,167360,-0.18%
1.9.2020,440.7,438.5,447.8,436.4,279980,0.50%
31.8.2020,438.5,446,449.9,435,335640,-1.68%
28.8.2020,446,455.3,458.3,443.8,352900,-3.21%
27.8.2020,460.8,435,462,433.1,635390,5.45%
26.8.2020,437,409.5,437.7,407.8,251760,7.11%
25.8.2020,408,414,416,407,252310,-1.59%
24.8.2020,414.6,414.2,419.1,411.8,187030,1.32%
21.8.2020,409.2,413.5,415.4,409,178880,0.15%
20.8.2020,408.6,414,414,404.6,139000,-1.54%
19.8.2020,415,406,415,404,189910,2.14%
18.8.2020,406.3,408,409.6,401.4,245030,-0.42%
17.8.2020,408,410.7,415,407.4,321630,-0.66%
14.8.2020,410.7,409.8,415.9,407,169430,0.00%
13.8.2020,410.7,418,419.9,410.7,308820,-1.75%
12.8.2020,418,416.6,420.4,410,229810,0.34%
11.8.2020,416.6,427.2,429.6,412.2,224350,-2.07%
10.8.2020,425.4,427,435,424.2,271460,-0.37%
7.8.2020,427,412,431.6,410.2,339690,3.52%
6.8.2020,412.5,411.5,417.6,407.6,235950,0.61%
5.8.2020,410,416.8,419.5,408.4,342350,-1.80%
4.8.2020,417.5,419,423,414.2,710090,0.12%
3.8.2020,417,400,418.8,399.4,681050,3.73%
31.7.2020,402,399.6,404.8,398.1,237490,0.88%
30.7.2020,398.5,406,410.8,397.9,629450,-0.62%
29.7.2020,401,393.5,403.6,391.2,573520,1.47%
28.7.2020,395.2,397.6,398,390.2,287330,-1.00%
27.7.2020,399.2,388,401.2,383.1,503000,2.89%
24.7.2020,388,382.1,388.8,379.2,429780,0.13%
23.7.2020,387.5,385.1,389.7,382.1,328470,1.17%
22.7.2020,383,381.3,386,375,300840,0.52%
21.7.2020,381,397,398,380,409220,-3.08%
20.7.2020,393.1,372,393.3,371.9,311460,5.96%
17.7.2020,371,369.4,371.6,366.2,219460,0.73%
16.7.2020,368.3,366,370.5,361.6,216850,0.90%
15.7.2020,365,357.4,379.2,357.4,564240,3.14%
14.7.2020,353.9,366.9,367.9,351.1,624810,-4.22%
13.7.2020,369.5,383,385.4,368.7,454140,-2.76%
10.7.2020,380,381.3,386,379,390770,-1.53%
9.7.2020,385.9,399.2,400.9,385.9,439100,-3.31%
8.7.2020,399.1,404.4,405.1,396.9,182170,-1.31%
7.7.2020,404.4,405,407.4,400.4,188400,-0.15%
6.7.2020,405,409.8,410.5,403.9,161780,-0.25%
3.7.2020,406,407,409.8,403.8,108270,0.27%
2.7.2020,404.9,404.9,408.6,400.9,213800,0.42%
1.7.2020,403.2,395.5,404.1,390,225750,2.10%
30.6.2020,394.9,400,405.2,393.8,293410,-1.67%
29.6.2020,401.6,394,402.9,390,293130,1.59%
26.6.2020,395.3,415,416.5,395,534530,-4.19%
25.6.2020,412.6,408,412.6,405,226140,1.23%
24.6.2020,407.6,410,412.9,405,192030,0.89%
23.6.2020,404,407.3,412,400.2,240160,-0.76%
22.6.2020,407.1,390,409,388,458160,3.67%
19.6.2020,392.7,373.4,393.9,373.3,861530,1.39%
18.6.2020,387.3,387.4,396.5,386.2,185350,-0.03%
17.6.2020,387.4,383.8,391.4,377.5,271990,2.14%
16.6.2020,379.3,377.8,385.5,375.4,153020,1.66%
15.6.2020,373.1,375,381.8,373,299780,-1.63%
12.6.2020,379.3,378.1,388.7,371.9,332990,-3.54%
10.6.2020,393.2,388.5,393.2,381,279800,1.89%
9.6.2020,385.9,372,385.9,352.2,389150,4.07%
8.6.2020,370.8,386.1,388.5,370.8,464850,-5.07%
5.6.2020,390.6,394.5,396,388.5,382040,-0.51%
4.6.2020,392.6,386.6,394.3,386,290670,1.16%
3.6.2020,388.1,390,398,386,273640,-0.03%
2.6.2020,388.2,396,397.4,385.5,483490,-2.19%
1.6.2020,396.9,405,407.7,394.7,211410,-1.71%
29.5.2020,403.8,411,412.9,393.1,844540,1.20%
28.5.2020,399,389.1,399.7,385.3,375600,4.59%
27.5.2020,381.5,413,413.5,381,708640,-7.63%
26.5.2020,413,400,417.7,398,431810,3.90%
25.5.2020,397.5,395.4,403.1,395.4,114840,1.04%
22.5.2020,393.4,390,396.9,388.8,224820,0.20%
21.5.2020,392.6,394.8,400.2,391.4,323010,-0.61%
20.5.2020,395,381.8,397.4,380.2,326270,4.03%
19.5.2020,379.7,388.1,389,377.7,247630,-1.43%
18.5.2020,385.2,375.4,385.2,371,244900,3.80%
15.5.2020,371.1,370.1,374.6,366.3,240330,0.30%
14.5.2020,370,377.1,378.6,364.2,341330,-2.50%
13.5.2020,379.5,371,379.6,370.4,275910,1.80%
12.5.2020,372.8,360.8,375.9,360.5,422040,2.70%
11.5.2020,363,358,363.6,354.1,237310,2.28%
8.5.2020,354.9,359.2,359.7,352.5,192110,-0.20%
7.5.2020,355.6,360,363.2,354.1,197350,-1.22%
6.5.2020,360,361.5,363.6,356.3,432840,0.70%
5.5.2020,357.5,360.3,361,351.2,205540,-0.11%
4.5.2020,357.9,351,365,348.6,245950,0.08%
30.4.2020,357.6,362.7,367.5,351.4,326040,-1.00%
29.4.2020,361.2,359.1,365.1,353.4,256530,0.58%
28.4.2020,359.1,368.3,372.4,358.3,328810,-2.42%
27.4.2020,368,367.5,374,366.1,328000,1.27%
24.4.2020,363.4,351.6,373.4,344,446100,2.45%
23.4.2020,354.7,343,354.7,342,303810,2.22%
22.4.2020,347,336,347,334,259670,3.27%
21.4.2020,336,342.6,344.2,336,187420,-2.67%
20.4.2020,345.2,339,346,335,224060,1.68%
17.4.2020,339.5,338.3,344.2,337,233060,1.59%
16.4.2020,334.2,342.8,344.6,332.7,416490,-2.34%
15.4.2020,342.2,343.7,344.9,338.3,571740,0.06%
14.4.2020,342,331,342.8,324.6,414130,3.95%
9.4.2020,329,331,333.9,319.7,688440,6.51%
8.4.2020,308.9,295,311.8,293,303780,2.05%
7.4.2020,302.7,329,331.6,302.7,566760,-4.87%
6.4.2020,318.2,305,318.7,304.3,399010,7.14%
3.4.2020,297,289,297.8,285.1,414090,3.20%
2.4.2020,287.8,282.1,287.8,276.5,289440,2.02%
1.4.2020,282.1,283.5,287.9,279,268500,-2.42%
31.3.2020,289.1,283,289.9,281.2,355100,2.92%
30.3.2020,280.9,280,280.9,273.2,279020,0.68%
27.3.2020,279,282.5,283.8,274.6,284030,-0.75%
26.3.2020,281.1,275.9,281.8,273.5,294820,1.26%
25.3.2020,277.6,284,287.7,272,382920,0.36%
24.3.2020,276.6,277.1,280.6,268.3,433760,4.30%
23.3.2020,265.2,257.1,272,250,439020,-0.49%
20.3.2020,266.5,281,283.3,256.4,934660,-2.56%
19.3.2020,273.5,258.3,273.5,256.5,511950,5.88%
18.3.2020,258.3,269.5,281.2,255.3,715110,-3.83%
17.3.2020,268.6,262,272.8,255.2,861020,6.59%
16.3.2020,252,235.9,272,222,982180,3.32%
13.3.2020,243.9,230,253,223.8,1240000,12.86%
12.3.2020,216.1,228,235,205.2,1330000,-13.90%
11.3.2020,251,271,271.7,242,797220,-7.14%
10.3.2020,270.3,275,280,268,454370,0.11%
9.3.2020,270,266,284,259.5,706200,-7.91%
6.3.2020,293.2,294.6,294.9,283,363930,-1.48%
5.3.2020,297.6,303,305.5,294.2,303550,0.68%
4.3.2020,295.6,300.3,304.4,292.5,412460,-3.34%
3.3.2020,305.8,295,306.9,290.2,745530,7.52%
2.3.2020,284.4,287.9,298,272,677210,2.12%
28.2.2020,278.5,276,286,261.6,1110000,-4.79%
27.2.2020,292.5,308,311,290.7,458100,-4.97%
26.2.2020,307.8,301.6,316.6,297,527800,0.16%
25.2.2020,307.3,316.2,321.7,305.3,615230,-4.03%
24.2.2020,320.2,327.6,330,319,400030,-3.26%
21.2.2020,331,328,334,326.6,202850,0.76%
20.2.2020,328.5,330.6,331.9,326.6,197250,-0.70%
19.2.2020,330.8,330,331.9,325.7,306090,0.55%
18.2.2020,329,325.4,330.8,323,114450,0.92%
17.2.2020,326,327.6,336,323.6,171200,0.00%
14.2.2020,326,319.3,326.8,317.5,397180,2.29%
13.2.2020,318.7,313.1,318.7,312.2,253250,1.76%
12.2.2020,313.2,311,315.8,308.4,234320,0.87%
11.2.2020,310.5,313,317,310.5,216760,-0.06%
10.2.2020,310.7,310.9,313.4,310,122260,0.62%
7.2.2020,308.8,313.3,316.8,307.4,234340,-1.56%
6.2.2020,313.7,309.5,314.5,305.7,331440,1.85%
5.2.2020,308,303,320.6,302.3,787820,0.98%
4.2.2020,305,293.5,305,290.3,665750,3.92%
3.2.2020,293.5,280.6,293.5,279.5,590140,4.23%
31.1.2020,281.6,278,281.6,274.5,555270,1.33%
30.1.2020,277.9,277,278.4,274,335480,0.22%
29.1.2020,277.3,277,277.9,274.2,399480,0.36%
28.1.2020,276.3,271.5,276.3,271.5,245630,1.96%
27.1.2020,271,277.1,279.3,268.3,262720,-1.81%
24.1.2020,276,273,277.5,271.2,329150,0.73%
23.1.2020,274,274,278.5,272.8,455070,-0.58%
22.1.2020,275.6,281.9,284,274.4,497120,-1.15%
21.1.2020,278.8,281.7,285.7,273.6,442060,-0.96%
20.1.2020,281.5,268.7,282.6,267.1,763170,5.63%
17.1.2020,266.5,253.8,268,243,2790000,-5.60%
16.1.2020,282.3,282.5,286,279.2,248310,-0.32%
15.1.2020,283.2,289.4,289.6,282.7,262720,-1.84%
14.1.2020,288.5,290.5,291.8,286.2,269720,-0.72%
13.1.2020,290.6,287.8,290.6,284.2,209120,1.96%
10.1.2020,285,289.5,292.7,284.5,264610,-1.25%
9.1.2020,288.6,284,288.6,283,194900,2.67%
8.1.2020,281.1,283.5,283.8,277.3,224470,-0.95%
7.1.2020,283.8,287.1,288.4,282.9,212870,-0.77%
3.1.2020,286,287,289.8,281.1,243980,-0.28%
2.1.2020,286.8,282,286.8,281,167490,2.61%
